feat,ret,n_days,n_obs,ic_mean,ic_std,ir,hit_rate,ic_p5,ic_p95,pillar,verdict
chip_foreign_net_5d,fwd_ret_1,502,900435,0.0006431617123617237,0.051168317310363906,0.012569530251710159,0.4900398406374502,-0.08106680723518173,0.08432327286373147,chip,REJECT
chip_foreign_net_20d,fwd_ret_1,498,884044,0.0005288120380691473,0.04766433755038849,0.011094500946543358,0.5020080321285141,-0.07326599924480513,0.08247146216671222,chip,REJECT
chip_foreign_trend_20d,fwd_ret_1,493,873200,-0.0005021695948434581,0.0439098157460988,-0.011436385835622046,0.4969574036511156,-0.07734182949820925,0.07007176755670161,chip,REJECT
chip_all_inst_net_20d,fwd_ret_1,498,884044,-0.0017636021827452367,0.05292260141575682,-0.033324177866663855,0.5120481927710844,-0.08237153051620857,0.08947238235167257,chip,REJECT
chip_trust_net_5d,fwd_ret_1,502,900435,-0.0031612467494024532,0.041918401139477764,-0.07541429690707514,0.5338645418326693,-0.07048612916287153,0.06708192287278626,chip,REJECT
chip_all_inst_net_5d,fwd_ret_1,502,900435,-0.003269292618070826,0.05468349767685241,-0.05978572616898866,0.5318725099601593,-0.09106533483981386,0.08840089377112557,chip,REJECT
chip_consensus_5d,fwd_ret_1,502,945607,-0.0037539892308341635,0.04171505345469462,-0.08999123625506679,0.5398406374501992,-0.0694421095272707,0.06698156007499825,chip,REJECT
chip_trust_net_20d,fwd_ret_1,498,884044,-0.004805089446514696,0.04048091628711059,-0.11870011568993735,0.5261044176706827,-0.0722689286703516,0.05911820973610983,chip,REJECT
chip_foreign_net_1d,fwd_ret_1,503,905325,-0.006202162732567062,0.06046198589770313,-0.10257954052420025,0.5666003976143141,-0.10463519754084907,0.0941146021232943,chip,WEAK
chip_dealer_net_5d,fwd_ret_1,502,900435,-0.007867588108202027,0.05331128080592344,-0.1475782984251216,0.5438247011952191,-0.09988117606783037,0.07802425725613231,chip,WEAK
chip_foreign_net_20d,fwd_ret_20,479,848665,0.002276362638918571,0.050148712884552867,0.04539224454591637,0.5093945720250522,-0.07298266649282267,0.08873303385175056,chip,REJECT
chip_foreign_net_5d,fwd_ret_20,483,864701,0.0007805135438716341,0.04771702741808574,0.016357128390101755,0.525879917184265,-0.07969289886183518,0.08034224256473729,chip,REJECT
chip_foreign_trend_20d,fwd_ret_20,474,837909,0.00031271518615401216,0.04429683358930734,0.007059538138850119,0.5147679324894515,-0.07625010215916116,0.07531987932172171,chip,REJECT
chip_foreign_net_1d,fwd_ret_20,484,869483,-0.0027015573617544322,0.05151098960596812,-0.052446232977077706,0.5268595041322314,-0.0836925962943377,0.0825215723363744,chip,REJECT
chip_all_inst_net_20d,fwd_ret_20,479,848665,-0.0030786751683528173,0.05135899313898222,-0.05994422748946101,0.5407098121085595,-0.0869387159095281,0.08735567195101036,chip,REJECT
chip_all_inst_net_5d,fwd_ret_20,483,864701,-0.004999604436357632,0.047015731510399804,-0.10633896944157356,0.556935817805383,-0.0800788869636908,0.07355146074146095,chip,REJECT
chip_trust_net_20d,fwd_ret_20,479,848665,-0.0057593456780375375,0.03404501310869369,-0.16916855516107404,0.5678496868475992,-0.0594010341910922,0.052546313465784686,chip,WEAK
chip_consensus_5d,fwd_ret_20,483,908906,-0.0058749933248996595,0.03217869225274397,-0.1825740237905001,0.5652173913043478,-0.060306509161947235,0.04524359042655516,chip,WEAK
chip_dealer_net_5d,fwd_ret_20,483,864701,-0.00792622191528861,0.04308088294553609,-0.18398466728987736,0.5610766045548654,-0.08321393939628219,0.062460404522121045,chip,WEAK
chip_trust_net_5d,fwd_ret_20,483,864701,-0.008531446337231918,0.0321821455528056,-0.26509874312864623,0.5962732919254659,-0.0636574555504423,0.04500817772668246,chip,WEAK
chip_foreign_trend_20d,fwd_ret_5,489,865766,0.0034209345887684954,0.0424896088212919,0.08051226367267086,0.5255623721881391,-0.06192926432921761,0.0755351369318938,chip,REJECT
chip_foreign_net_5d,fwd_ret_5,498,892894,0.003054348777651682,0.04735103888546051,0.06450436673712649,0.5301204819277109,-0.07515258548260924,0.07459332594788044,chip,REJECT
chip_foreign_net_20d,fwd_ret_5,494,876585,0.0008032395175770885,0.04752893584701519,0.01690001055699066,0.5020242914979757,-0.07672554173775116,0.08156672313007504,chip,REJECT
chip_foreign_net_1d,fwd_ret_5,499,897770,-0.0012541389632282057,0.0589188603654384,-0.021285865942578197,0.5210420841683366,-0.09417091657056365,0.10009683487536394,chip,REJECT
chip_all_inst_net_5d,fwd_ret_5,498,892894,-0.003083855651606479,0.04962387177807485,-0.06214459978854389,0.5140562248995983,-0.0835544666457414,0.07952789987733974,chip,REJECT
chip_all_inst_net_20d,fwd_ret_5,494,876585,-0.0035016344268331613,0.04898473546889815,-0.07148419590948801,0.5182186234817814,-0.08550516789867807,0.07436507353079033,chip,REJECT
chip_consensus_5d,fwd_ret_5,498,937852,-0.006432083834689621,0.038461858229592936,-0.16723278933363422,0.5602409638554217,-0.07076745037038545,0.05718308672941286,chip,WEAK
chip_trust_net_5d,fwd_ret_5,498,892894,-0.007757669224989806,0.039520793843275295,-0.1962933552335468,0.5883534136546185,-0.07289683637437067,0.05718868290595226,chip,WEAK
chip_trust_net_20d,fwd_ret_5,494,876585,-0.008800074673086149,0.03605501686269309,-0.24407351427955584,0.6072874493927125,-0.067106714306166,0.05141477734145422,chip,WEAK
chip_dealer_net_5d,fwd_ret_5,498,892894,-0.01212100200106425,0.049833045108273556,-0.24323221618764482,0.5823293172690763,-0.0982261121179195,0.06935634917318292,chip,WEAK
event_sent_score_5d,fwd_ret_1,488,945607,-0.0006396085443000498,0.03234370824866404,-0.019775362162638505,0.5020491803278688,-0.054399414772670934,0.05362653269207245,event,REJECT
event_mention_cnt_1d,fwd_ret_1,486,945607,-0.0033751802119192697,0.03486150175867058,-0.09681683351692706,0.5493827160493827,-0.061828987126354915,0.054445395376246306,event,REJECT
event_mention_surge,fwd_ret_1,486,945607,-0.00418080870792336,0.03333940010908896,-0.1254014377656301,0.5493827160493827,-0.06015719506811462,0.05197198610887703,event,REJECT
event_mention_cnt_5d,fwd_ret_1,491,945607,-0.00646967189059731,0.05029470039501299,-0.12863526056989524,0.5641547861507128,-0.09313868253887347,0.07527185646020967,event,WEAK
event_post_main_ratio_5d,fwd_ret_1,488,945607,-0.006719922260861494,0.03935805614866567,-0.17073816439202663,0.5614754098360656,-0.071889390605662,0.05414883358131943,event,WEAK
event_news_ratio_5d,fwd_ret_1,491,945607,-0.007177942373294644,0.03950910661052492,-0.18167817470675218,0.560081466395112,-0.07302200210863058,0.06003802291038821,event,WEAK
event_mention_cnt_20d,fwd_ret_1,503,945607,-0.007195160335937542,0.07105689224567648,-0.10125914754420375,0.5526838966202783,-0.11739386874694846,0.10601093783325577,event,WEAK
event_sent_score_5d,fwd_ret_20,484,908906,-0.001039922642343394,0.03620857483950636,-0.028720341713332438,0.5103305785123967,-0.06437508642886623,0.05918055959234799,event,REJECT
event_mention_cnt_1d,fwd_ret_20,484,908906,-0.010304222233107375,0.03533123128189234,-0.2916462817526659,0.6074380165289256,-0.06988562805256764,0.045728331947769284,event,WEAK
event_post_main_ratio_5d,fwd_ret_20,484,908906,-0.010422261432604708,0.03231180175416393,-0.32255277845227626,0.6425619834710744,-0.06466620175230611,0.04644788868399329,event,WEAK
event_mention_surge,fwd_ret_20,484,908906,-0.010848695210098555,0.0343388527048828,-0.31593062538620953,0.6053719008264463,-0.06798974003500213,0.04421969677310318,event,WEAK
event_news_ratio_5d,fwd_ret_20,484,908906,-0.015349095095183998,0.03780042586840466,-0.40605614202916906,0.6487603305785123,-0.07801537290855388,0.04584971021381231,event,STRONG
event_mention_cnt_5d,fwd_ret_20,484,908906,-0.01869483299561632,0.044775039989574994,-0.41752800220768205,0.6673553719008265,-0.09078963196530501,0.055074740093122736,event,STRONG
event_mention_cnt_20d,fwd_ret_20,484,908906,-0.023653234716876713,0.05040040556702071,-0.46930643614411915,0.6714876033057852,-0.11245896951453183,0.05315614426814624,event,STRONG
event_sent_score_5d,fwd_ret_5,488,937852,-0.0035376085422000564,0.03249099444069341,-0.10887966352206727,0.5409836065573771,-0.05576081032492802,0.050181495499027014,event,REJECT
event_mention_cnt_1d,fwd_ret_5,486,937852,-0.006729789599602991,0.038746823612152495,-0.17368622695286615,0.5555555555555556,-0.07103613730842034,0.054519626439261885,event,WEAK
event_post_main_ratio_5d,fwd_ret_5,488,937852,-0.006990276926497319,0.03880747546842567,-0.18012707196541838,0.5942622950819673,-0.06911536527224464,0.05813453829692938,event,WEAK
event_news_ratio_5d,fwd_ret_5,491,937852,-0.007012601127950526,0.04054896746727556,-0.17294154613455798,0.5498981670061099,-0.07580379087475686,0.055807482044350806,event,WEAK
event_mention_surge,fwd_ret_5,486,937852,-0.007667214332458304,0.037015660783959244,-0.2071343363882591,0.5576131687242798,-0.06895030402660045,0.051609735860168676,event,WEAK
event_mention_cnt_5d,fwd_ret_5,491,937852,-0.007886769555909985,0.053368831383239494,-0.1477785694664251,0.5478615071283096,-0.09455262033175207,0.07880357146016725,event,WEAK
event_mention_cnt_20d,fwd_ret_5,499,937852,-0.012612143610558185,0.06821339775217895,-0.1848924701915367,0.561122244488978,-0.1254662471461453,0.1028752825295936,event,WEAK
fund_net_income_sq,fwd_ret_1,455,827268,0.02907391229497168,0.07195953959138775,0.4040313829141189,0.6329670329670329,-0.08760813279917355,0.1418918653365535,fund,STRONG
fund_nopat,fwd_ret_1,455,814566,0.029002495851652446,0.07180752619461939,0.4038921459715407,0.6483516483516484,-0.08783154032898531,0.13705381596070168,fund,STRONG
fund_operating_income_sq,fwd_ret_1,455,814566,0.028863308122908802,0.07150235850769164,0.40366931560451846,0.643956043956044,-0.08697598645465439,0.13718088984076593,fund,STRONG
fund_total_comprehensive_income_sq,fwd_ret_1,455,827268,0.025900778388917398,0.06830908174168274,0.37917034936677446,0.6373626373626373,-0.08547649187089565,0.13485067500491754,fund,STRONG
fund_operating_margin_sq,fwd_ret_1,455,813774,0.023193374235140157,0.06035835424293921,0.3842612100023145,0.6571428571428571,-0.0773405101142232,0.11985921599323188,fund,STRONG
fund_roic,fwd_ret_1,455,126680,0.02223925658640178,0.11354724526680392,0.1958590587921866,0.6065934065934065,-0.17685808659301205,0.2002597691323171,fund,STRONG
fund_net_margin_sq,fwd_ret_1,455,813774,0.02213092243622994,0.05479428622036927,0.40389106169254146,0.6659340659340659,-0.06721508248734342,0.10909149903689548,fund,STRONG
fund_roe,fwd_ret_1,455,827207,0.02071515499427491,0.051812213654527796,0.39981219741736784,0.6703296703296703,-0.06281457452131727,0.10908876353172677,fund,STRONG
fund_roa,fwd_ret_1,455,827207,0.0207028307093838,0.05179917951177071,0.3996748771798469,0.6681318681318681,-0.0639047744515612,0.10889272856111708,fund,STRONG
fund_eps,fwd_ret_1,455,662722,0.017887822338518176,0.0795880011958995,0.22475526548893637,0.6,-0.12135528967937881,0.13431317391594136,fund,STRONG
fund_revenue_sq,fwd_ret_1,455,813990,0.01725885057779953,0.07266918143396293,0.23749889894498483,0.610989010989011,-0.10697506082661432,0.13517621628966464,fund,STRONG
fund_cost_of_revenue_sq,fwd_ret_1,455,812959,0.015229137455083582,0.07171805632866878,0.21234732555064859,0.5956043956043956,-0.1055619022287357,0.13113674072466266,fund,STRONG
fund_gross_margin_sq,fwd_ret_1,455,812772,0.007076608425941563,0.05365071334891048,0.13190147873560887,0.5714285714285714,-0.08501615120056481,0.09479558202509916,fund,WEAK
fund_ebitda,fwd_ret_1,455,814566,0.004296301692232664,0.0750962840050723,0.0572105763840788,0.545054945054945,-0.11737205113029704,0.12152468746502106,fund,REJECT
fund_debt_equity,fwd_ret_1,455,826787,0.0040858788664769885,0.04666358374283758,0.08756033160663818,0.5318681318681319,-0.07124227586011336,0.08506000727123228,fund,REJECT
fund_current_ratio,fwd_ret_1,455,831326,-0.0038257866723759573,0.04589117338172606,-0.08336650363138005,0.5362637362637362,-0.0729523391345853,0.07382642933549767,fund,REJECT
fund_ebitda_margin,fwd_ret_1,455,813488,-0.005158946995317649,0.07500493995851351,-0.06878142957212083,0.5142857142857142,-0.12813929743132274,0.11402858657242569,fund,WEAK
fund_revenue_yoy,fwd_ret_1,211,371528,-0.00615424670902522,0.05075541398853403,-0.12125300978562609,0.5450236966824644,-0.09179452629601279,0.06648136302642654,fund,WEAK
fund_nopat,fwd_ret_20,436,779398,0.043148630960006026,0.08103821188320302,0.5324479644515644,0.7522935779816514,-0.07672569673938176,0.1674079625073644,fund,STRONG
fund_operating_income_sq,fwd_ret_20,436,779398,0.043020207673416536,0.08062677385168007,0.5335722318811358,0.7545871559633027,-0.07303332082516589,0.16476185042958472,fund,STRONG
fund_net_income_sq,fwd_ret_20,436,791587,0.041348190478883655,0.08018282850831833,0.5156738824023165,0.7270642201834863,-0.08837606628259469,0.1644379075996199,fund,STRONG
fund_roic,fwd_ret_20,436,121645,0.03657072684933949,0.09982368310997362,0.3663532110816859,0.6628440366972477,-0.1349110542792369,0.19151468919645206,fund,STRONG
fund_eps,fwd_ret_20,436,634854,0.034649923753717275,0.0772995167190498,0.44825537369987334,0.676605504587156,-0.08377037412652388,0.1826299239533958,fund,STRONG
fund_total_comprehensive_income_sq,fwd_ret_20,436,791587,0.03341677231073898,0.075659227538062,0.44167477514792175,0.7087155963302753,-0.10790303785926345,0.15824482411561175,fund,STRONG
fund_operating_margin_sq,fwd_ret_20,436,778625,0.03149674406242995,0.0733139655009028,0.429614519515277,0.6972477064220184,-0.07089681000436575,0.16722611294060552,fund,STRONG
fund_net_margin_sq,fwd_ret_20,436,778625,0.030884343879347093,0.0679964764206946,0.45420506333689226,0.7270642201834863,-0.09053795922867733,0.15798884097264493,fund,STRONG
fund_roa,fwd_ret_20,436,791526,0.02274460113225814,0.06437609125158283,0.35330820324849893,0.6674311926605505,-0.08781012566002239,0.13874584535832965,fund,STRONG
fund_roe,fwd_ret_20,436,791526,0.022725115400039037,0.06440595597477329,0.35284183048133116,0.6674311926605505,-0.08799442706971869,0.1386976175412517,fund,STRONG
fund_revenue_sq,fwd_ret_20,436,778841,0.016456076420015682,0.06922687986309302,0.23771223623771787,0.6215596330275229,-0.10663658934476303,0.12550615258573947,fund,STRONG
fund_cost_of_revenue_sq,fwd_ret_20,436,777848,0.014658580287043478,0.06853256586400017,0.21389218544848854,0.5825688073394495,-0.11011558458668305,0.12612877219878024,fund,WEAK
fund_gross_margin_sq,fwd_ret_20,436,777661,0.007679875156376949,0.0633542845125745,0.12122108576338914,0.5252293577981652,-0.0930461401526868,0.10946301077823833,fund,WEAK
fund_debt_equity,fwd_ret_20,436,791548,0.004964234269769574,0.06171791827316874,0.08043424679033166,0.5275229357798165,-0.09896567440472409,0.12282493875416228,fund,REJECT
fund_ebitda_margin,fwd_ret_20,436,778377,0.0031773921562436285,0.07151268920655958,0.0444311658741562,0.5412844036697247,-0.11692806667083389,0.11979509779711378,fund,REJECT
fund_ebitda,fwd_ret_20,436,779398,0.0029096883677144207,0.06507691797308161,0.04471152688758221,0.518348623853211,-0.10622989308204764,0.11108300480350541,fund,REJECT
fund_current_ratio,fwd_ret_20,436,795897,0.0013240076637309945,0.05169386310449719,0.025612472820121086,0.5573394495412844,-0.10003789594193678,0.0788638789049991,fund,REJECT
fund_revenue_yoy,fwd_ret_20,192,337499,-0.03052904708406227,0.03898857146841005,-0.7830255363112754,0.78125,-0.08980036975556445,0.03369860375108474,fund,STRONG
fund_net_income_sq,fwd_ret_5,451,819745,0.037754010346255924,0.07705301830109264,0.4899744510815686,0.6917960088691796,-0.08942335477613846,0.16575567657242526,fund,STRONG
fund_nopat,fwd_ret_5,451,807151,0.03763303522469611,0.07713005630454119,0.48791660511831353,0.6940133037694013,-0.0850877974688862,0.16382736276244322,fund,STRONG
fund_operating_income_sq,fwd_ret_5,451,807151,0.037245194262930346,0.07699159609450694,0.4837566195823761,0.6873614190687362,-0.08761394604906561,0.16221480995818852,fund,STRONG
fund_total_comprehensive_income_sq,fwd_ret_5,451,819745,0.03260712958319863,0.07100497143944255,0.45922319130862566,0.6585365853658537,-0.07851467580355505,0.15235962518206797,fund,STRONG
fund_net_margin_sq,fwd_ret_5,451,806363,0.029095091487146525,0.06171387848500714,0.47145135261941007,0.6784922394678492,-0.07020968568342842,0.13758420054217724,fund,STRONG
fund_operating_margin_sq,fwd_ret_5,451,806363,0.028792229569011223,0.06840662234319385,0.4208982783064704,0.6518847006651884,-0.07310616629602337,0.1419158688442271,fund,STRONG
fund_roic,fwd_ret_5,451,125620,0.028146042247553626,0.10641832224204274,0.2644849275441213,0.5920177383592018,-0.1442567222068405,0.1933631271315258,fund,STRONG
fund_roa,fwd_ret_5,451,819684,0.02534952270859769,0.05874027954327644,0.4315526399550351,0.6740576496674058,-0.07556628029208506,0.12314114349775135,fund,STRONG
fund_roe,fwd_ret_5,451,819684,0.025338672766791207,0.058754288876845084,0.4312650744510519,0.6696230598669624,-0.07564636642458666,0.12379038526050858,fund,STRONG
fund_eps,fwd_ret_5,451,656843,0.024585947647308412,0.08281861278369027,0.2968650019715158,0.5964523281596452,-0.11432998867167216,0.16820667119558264,fund,STRONG
fund_revenue_sq,fwd_ret_5,451,806579,0.020971437077811548,0.07419542267873605,0.2826513593516037,0.6119733924611973,-0.10849889495042583,0.1415507803812595,fund,STRONG
fund_cost_of_revenue_sq,fwd_ret_5,451,805556,0.018881422886974034,0.0729220860448305,0.2589259840340587,0.6319290465631929,-0.10901035389548738,0.1356979887886638,fund,STRONG
fund_gross_margin_sq,fwd_ret_5,451,805369,0.008394093015822697,0.058352899112795426,0.14385048803825531,0.5521064301552107,-0.08306207443258766,0.10476739973380404,fund,WEAK
fund_ebitda,fwd_ret_5,451,807151,0.006438498814402943,0.07682025951713284,0.08381251059125876,0.5454545454545454,-0.1223435628233617,0.14231486161691015,fund,WEAK
fund_debt_equity,fwd_ret_5,451,819354,0.002568062389472556,0.05411323194563157,0.04745719849172434,0.532150776053215,-0.08659092240102068,0.09300566511036405,fund,REJECT
fund_current_ratio,fwd_ret_5,451,823853,-0.0006503258579792524,0.049403007963572734,-0.013163689515803767,0.48337028824833705,-0.08392393023252868,0.07690760903899188,fund,REJECT
fund_ebitda_margin,fwd_ret_5,451,806085,-0.0019595786458275425,0.0757162843928704,-0.025880544212389542,0.5121951219512195,-0.1338708856415203,0.1241300159156503,fund,REJECT
fund_revenue_yoy,fwd_ret_5,207,364364,-0.01389689373487308,0.04643674788008788,-0.2992650081947724,0.642512077294686,-0.08805722964963386,0.07111356623395419,fund,WEAK
ind_member_count,fwd_ret_1,504,945607,-0.005888721986448624,0.10598372816206167,-0.05556251028878764,0.49007936507936506,-0.18818838100138074,0.16199300018596366,ind,WEAK
ind_momentum_rank_20d,fwd_ret_1,484,945607,-0.0246220290706447,0.0794900433792588,-0.3097498507224275,0.6487603305785123,-0.1455767437840306,0.10584654654903902,ind,STRONG
ind_return_rel_20d,fwd_ret_1,484,945607,-0.026148542679466088,0.08070443304320482,-0.32400379624087766,0.6549586776859504,-0.14580967154971236,0.10334051703876923,ind,STRONG
ind_volatility_rel_60d,fwd_ret_1,484,945607,-0.04336505052973958,0.13763025625602612,-0.3150837011381416,0.6012396694214877,-0.272897685418335,0.17563896562646222,ind,STRONG
ind_member_count,fwd_ret_20,485,908906,0.0051840051809420055,0.10251326816670622,0.050569114356122366,0.5525773195876289,-0.17308058637568613,0.14800124171399115,ind,WEAK
ind_momentum_rank_20d,fwd_ret_20,465,908906,-0.016637006475577972,0.06996806849146403,-0.23777998784699417,0.5763440860215053,-0.15029303611172082,0.08389379973026304,ind,STRONG
ind_return_rel_20d,fwd_ret_20,465,908906,-0.01792032394810595,0.07164146805409544,-0.25013898283846686,0.5720430107526882,-0.15073298801053542,0.08725001976015676,ind,STRONG
ind_volatility_rel_60d,fwd_ret_20,465,908906,-0.07249844297895552,0.09839362986281433,-0.7368204941726079,0.7569892473118279,-0.21644893598911877,0.09467829962392188,ind,STRONG
ind_member_count,fwd_ret_5,500,937852,0.0008744891896293652,0.11307611619431428,0.007733633052329192,0.514,-0.20017980833940502,0.1795099857365881,ind,REJECT
ind_momentum_rank_20d,fwd_ret_5,480,937852,-0.02734983587772797,0.07245187541072139,-0.3774896884681712,0.6354166666666666,-0.15443228377310128,0.09724605190465868,ind,STRONG
ind_return_rel_20d,fwd_ret_5,480,937852,-0.029205281568273546,0.0738410239468829,-0.39551566334294325,0.6520833333333333,-0.15996990577944925,0.09222092988699192,ind,STRONG
ind_volatility_rel_60d,fwd_ret_5,480,937852,-0.052096050913763854,0.12069845962451894,-0.4316215059896336,0.6458333333333334,-0.25910744835820776,0.14042695022963456,ind,STRONG
low_price,fwd_ret_1,504,945607,-0.0022221929185133387,0.10686583602796834,-0.020794231356892755,0.4801587301587302,-0.18270297398930294,0.16193416064191005,other,REJECT
open_price,fwd_ret_1,504,945607,-0.0025756861433786707,0.10766398517769814,-0.023923377340412683,0.48412698412698413,-0.18333063882967224,0.16371879121821672,other,REJECT
closing_price,fwd_ret_1,504,945607,-0.003197021370293386,0.1071648241111596,-0.029832749662120378,0.4801587301587302,-0.18320800388069197,0.1604864279684495,other,REJECT
high_price,fwd_ret_1,504,945607,-0.003447430696045353,0.10813346037779613,-0.0318812575127138,0.49206349206349204,-0.1849684672932985,0.16260851246566016,other,REJECT
trading_value,fwd_ret_1,504,945607,-0.02137186180790769,0.15927867771806836,-0.13417905091940185,0.5456349206349206,-0.27889087738729124,0.24025806610963057,other,WEAK
volume,fwd_ret_1,504,945607,-0.02296016237130033,0.15175850351559148,-0.15129407472670178,0.5496031746031746,-0.2557887419748868,0.22094550885115385,other,WEAK
turnover,fwd_ret_1,504,945607,-0.0261978040752262,0.15350450907430294,-0.17066472009982006,0.5555555555555556,-0.2707850735416624,0.22128402448980622,other,STRONG
spread,fwd_ret_1,504,945607,-0.029394510815079763,0.09822070981501332,-0.29926998970421537,0.6507936507936508,-0.18530340635008885,0.13094771350912335,other,STRONG
spread,fwd_ret_20,485,908906,-0.007670665365368635,0.06812400593752808,-0.11259856580370337,0.534020618556701,-0.1194977278403335,0.10265236834192676,other,WEAK
low_price,fwd_ret_20,485,908906,-0.022372760119434298,0.09304353592945766,-0.2404547494454267,0.5773195876288659,-0.17082447609680396,0.13667109150221488,other,STRONG
open_price,fwd_ret_20,485,908906,-0.022855803422663155,0.0932987085654745,-0.2449744886514005,0.5773195876288659,-0.17224383226032458,0.13768454004686373,other,STRONG
closing_price,fwd_ret_20,485,908906,-0.023198939465216416,0.09320538576600806,-0.2489012761929585,0.5773195876288659,-0.17145601528086757,0.13378472040922537,other,STRONG
high_price,fwd_ret_20,485,908906,-0.02384633545181825,0.0936078122334917,-0.2547472789166023,0.5793814432989691,-0.1733408713661198,0.1374047323674312,other,STRONG
volume,fwd_ret_20,485,908906,-0.04274661758480788,0.10827858644266751,-0.3947836685829087,0.6453608247422681,-0.20301839409341932,0.13996373408277965,other,STRONG
trading_value,fwd_ret_20,485,908906,-0.046467313706584516,0.11414630657611274,-0.40708556501212867,0.6618556701030928,-0.23133025066116103,0.14370183090443842,other,STRONG
turnover,fwd_ret_20,485,908906,-0.04941035484218975,0.10890241075726202,-0.4537122227011387,0.6639175257731958,-0.21485727847404268,0.12874442718414178,other,STRONG
low_price,fwd_ret_5,500,937852,-0.006650992958423774,0.10581543423400726,-0.0628546582695614,0.538,-0.17468043435347466,0.16183073441862592,other,WEAK
open_price,fwd_ret_5,500,937852,-0.0070128050585082985,0.10645994674875028,-0.06587270868225022,0.534,-0.1756666388763832,0.16316297941563854,other,WEAK
closing_price,fwd_ret_5,500,937852,-0.007625682396098666,0.10607786584167864,-0.07188759253018917,0.54,-0.17596980393155323,0.16144520751624614,other,WEAK
high_price,fwd_ret_5,500,937852,-0.008096449429258456,0.1068528253973134,-0.07577197326465851,0.534,-0.1777771831995469,0.16236376800013771,other,WEAK
spread,fwd_ret_5,500,937852,-0.02343264865224513,0.08656735682497822,-0.27068689066735896,0.624,-0.15317043695129495,0.11998360850550246,other,STRONG
trading_value,fwd_ret_5,500,937852,-0.027406303678389154,0.15103116857573215,-0.18146124364155142,0.538,-0.2822311261017168,0.21617475417798696,other,WEAK
volume,fwd_ret_5,500,937852,-0.027774647854301646,0.14362387215620737,-0.19338461940431145,0.556,-0.25153749334687475,0.18339631768778555,other,STRONG
turnover,fwd_ret_5,500,937852,-0.031756949078439754,0.14507486575977335,-0.21890042022182857,0.556,-0.27523098862292905,0.18565493340198727,other,STRONG
risk_regime_composite,fwd_ret_1,465,870529,0.011774637363177805,0.05179029350556444,0.22735220378530424,0.6021505376344086,-0.07034088372532209,0.09211867336150514,risk,WEAK
risk_drawdown,fwd_ret_1,485,908978,0.009960372352074422,0.13584153148257092,0.07332346921716193,0.5278350515463918,-0.19585729141164748,0.2282546723646944,risk,WEAK
risk_vol_term_structure,fwd_ret_1,483,907085,-0.014563835621446667,0.05507541055512305,-0.2644344449665107,0.5900621118012422,-0.10609551083677682,0.07278681154124027,risk,WEAK
risk_volatility_regime,fwd_ret_1,484,907085,-0.03506294703758957,0.07987514474687266,-0.438971937374328,0.6632231404958677,-0.1653634298416373,0.09865464187799651,risk,STRONG
risk_market_ret_20d,fwd_ret_1,0,925454,,,,,,,risk,INVALID
risk_market_breadth,fwd_ret_1,0,925454,,,,,,,risk,INVALID
risk_drawdown,fwd_ret_20,466,872319,0.028721722679369746,0.11171716084254048,0.2570932027162015,0.6609442060085837,-0.1668372177528392,0.1918136507862752,risk,STRONG
risk_regime_composite,fwd_ret_20,446,833898,0.007519961810770358,0.04857115057614831,0.1548236292854706,0.5582959641255605,-0.07597270941980963,0.08631967030341145,risk,WEAK
risk_vol_term_structure,fwd_ret_20,464,870422,-0.008610907123714852,0.05121529081758963,-0.16813156747237448,0.5452586206896551,-0.10390955208053224,0.06899540192207652,risk,WEAK
risk_volatility_regime,fwd_ret_20,465,870422,-0.11030854000724782,0.05652631172622028,-1.951454758653219,0.9526881720430107,-0.20006053273183397,-0.005129304144265745,risk,STRONG
risk_market_ret_20d,fwd_ret_20,0,888759,,,,,,,risk,INVALID
risk_market_breadth,fwd_ret_20,0,888759,,,,,,,risk,INVALID
risk_regime_composite,fwd_ret_5,461,862799,0.013229117821955745,0.05191280199637574,0.2548334382505365,0.5878524945770065,-0.06928909146290593,0.09885606376381285,risk,WEAK
risk_drawdown,fwd_ret_5,481,901239,0.011859643317002356,0.12123843016307552,0.09782082546804816,0.5467775467775468,-0.1867620015076078,0.21354792105573878,risk,WEAK
risk_vol_term_structure,fwd_ret_5,479,899347,-0.014474208246254562,0.05577067442357062,-0.25953080890370694,0.5762004175365344,-0.10954515343718255,0.0646050287775629,risk,WEAK
risk_volatility_regime,fwd_ret_5,480,899347,-0.06214789136632696,0.06892936114831269,-0.9016171096175648,0.81875,-0.17237064438344554,0.05347197746193756,risk,STRONG
risk_market_ret_20d,fwd_ret_5,0,917705,,,,,,,risk,INVALID
risk_market_breadth,fwd_ret_5,0,917705,,,,,,,risk,INVALID
sent_polarity_20d,fwd_ret_1,503,945607,0.008154232473837604,0.046779251878355674,0.17431301584390005,0.5745526838966203,-0.06638705832011423,0.08286565838155789,sent,WEAK
sent_news_mean_5d,fwd_ret_1,488,945607,0.0038785905564151075,0.03499272563183174,0.11083990990650011,0.5409836065573771,-0.05140655706025054,0.05870619118850852,sent,REJECT
sent_polarity_5d,fwd_ret_1,488,945607,0.0037264326327774632,0.0368411800855986,0.10114856864300457,0.4979508196721312,-0.05052865889138986,0.06440495102508906,sent,REJECT
sent_pos_neg_spread_5d,fwd_ret_1,488,945607,0.002992904622613351,0.035131395564848844,0.0851917373190816,0.5286885245901639,-0.05007570703006395,0.059663375656253466,sent,REJECT
sent_polarity_1d,fwd_ret_1,483,945607,0.001392521887083449,0.029007935475265208,0.048004860196646515,0.525879917184265,-0.04569197892837313,0.050312506739662866,sent,REJECT
sent_forum_mean_5d,fwd_ret_1,488,945607,0.000534177419721498,0.03270174199692576,0.016334830718550564,0.5122950819672131,-0.04626569293709229,0.05351635863945987,sent,REJECT
sent_extreme_ratio_5d,fwd_ret_1,488,945607,-0.003219109235176742,0.03818478814691301,-0.08430344625172384,0.5348360655737705,-0.06482131313047967,0.056056823368227274,sent,REJECT
sent_pos_ratio_5d,fwd_ret_1,488,945607,-0.004245911900108605,0.03713085703314968,-0.11434995686520083,0.5655737704918032,-0.06426604618541684,0.05388067100314757,sent,REJECT
sent_neg_ratio_5d,fwd_ret_1,488,945607,-0.006144120491251985,0.04218074372288667,-0.14566173919589456,0.5778688524590164,-0.07650487883080466,0.05988105113425734,sent,WEAK
sent_reversal_5d,fwd_ret_1,489,945607,-0.00661267651733502,0.047619761150540445,-0.1388641261015643,0.558282208588957,-0.08791354015582083,0.07103364272415169,sent,WEAK
sent_volatility_5d,fwd_ret_1,487,945607,-0.00735157380709148,0.04581130605016459,-0.1604750975455996,0.5749486652977412,-0.08292091081790388,0.0666143884510531,sent,WEAK
sent_polarity_20d,fwd_ret_20,484,908906,0.021498661060364663,0.04334204871506122,0.49602318528367,0.6652892561983471,-0.04904752778942194,0.08976188613327185,sent,STRONG
sent_polarity_5d,fwd_ret_20,484,908906,0.014466292995270509,0.03304846575174089,0.4377296393708827,0.6590909090909091,-0.03759380380992957,0.0720963994270271,sent,WEAK
sent_news_mean_5d,fwd_ret_20,484,908906,0.011429421087009983,0.03223306443858823,0.3545868593656613,0.6384297520661157,-0.041070236133896244,0.06283897968795236,sent,WEAK
sent_pos_neg_spread_5d,fwd_ret_20,484,908906,0.010409104842459974,0.031879579933894966,0.3265132371268424,0.621900826446281,-0.040569455320676094,0.06274025462013576,sent,WEAK
sent_polarity_1d,fwd_ret_20,483,908906,0.007775488317648779,0.0270443049728313,0.2875092676798325,0.6086956521739131,-0.03676989808097121,0.051127849644170074,sent,WEAK
sent_forum_mean_5d,fwd_ret_20,484,908906,0.006430758045083419,0.028116589454679607,0.22871757100728696,0.5929752066115702,-0.0378630278660871,0.052387728787055214,sent,WEAK
sent_extreme_ratio_5d,fwd_ret_20,484,908906,-0.0061245760624978746,0.030860611178752655,-0.19845932496355123,0.5619834710743802,-0.05953317484438993,0.042454591653166195,sent,WEAK
sent_pos_ratio_5d,fwd_ret_20,484,908906,-0.008124680494012883,0.03475957940985154,-0.23373932112970822,0.621900826446281,-0.06586080080098447,0.050966870273299575,sent,WEAK
sent_neg_ratio_5d,fwd_ret_20,484,908906,-0.014677281636237775,0.036796458397462144,-0.39887756255504386,0.640495867768595,-0.07625684125385042,0.04492004125226799,sent,WEAK
sent_volatility_5d,fwd_ret_20,483,908906,-0.01710140935522765,0.0387628325359452,-0.44118059069520593,0.6645962732919255,-0.08429910803330629,0.0434907522135262,sent,STRONG
sent_reversal_5d,fwd_ret_20,484,908906,-0.01956716133972269,0.03901466687198627,-0.5015334721151371,0.6859504132231405,-0.0856339941606374,0.042777248399254855,sent,STRONG
sent_polarity_20d,fwd_ret_5,499,937852,0.013099967523293937,0.04678963959904238,0.2799758159189165,0.6132264529058116,-0.06375561254180671,0.08588735641801346,sent,WEAK
sent_forum_mean_5d,fwd_ret_5,488,937852,0.004492755033357606,0.03196359513257684,0.14055850146777304,0.555327868852459,-0.048174159562604346,0.05711169832640617,sent,REJECT
sent_polarity_5d,fwd_ret_5,488,937852,0.004025466276531066,0.037231758407642604,0.10811915549239152,0.5430327868852459,-0.05591288824809611,0.06510701690773668,sent,REJECT
sent_news_mean_5d,fwd_ret_5,488,937852,0.0029260264786207337,0.03497071156415039,0.08367077327703845,0.5307377049180327,-0.05499903083873909,0.0608809897165943,sent,REJECT
sent_polarity_1d,fwd_ret_5,483,937852,0.0023807026687687957,0.030582881380431033,0.07784428939688227,0.5300207039337475,-0.04880555134120326,0.0505279973140111,sent,REJECT
sent_pos_neg_spread_5d,fwd_ret_5,488,937852,0.0011856141322803449,0.03496448224254192,0.0339091002136387,0.5184426229508197,-0.056830853237259324,0.058670076143504564,sent,REJECT
sent_extreme_ratio_5d,fwd_ret_5,488,937852,-0.0004381164448236226,0.03726945630984995,-0.011755375264431553,0.48360655737704916,-0.06478953165203584,0.05653921943395657,sent,REJECT
sent_neg_ratio_5d,fwd_ret_5,488,937852,-0.004493413262371069,0.042645995474332656,-0.1053654208887097,0.5245901639344263,-0.07395415579626465,0.0657292660302928,sent,REJECT
sent_pos_ratio_5d,fwd_ret_5,488,937852,-0.006083383089166083,0.03865610217499807,-0.15737187007697542,0.5409836065573771,-0.06815222449976015,0.0546482271306273,sent,WEAK
sent_volatility_5d,fwd_ret_5,487,937852,-0.006231011898279666,0.0455990060519237,-0.13664797629984296,0.5420944558521561,-0.08117415652441655,0.07214260798471414,sent,WEAK
sent_reversal_5d,fwd_ret_5,489,937852,-0.008137934461137314,0.04683170018099998,-0.17376978477580327,0.5664621676891616,-0.08365568062769077,0.07185258227112562,sent,WEAK
trend_bb_lower_20,fwd_ret_1,485,907948,0.0006207931985331318,0.10461713644925788,0.00593395326619586,0.5278350515463918,-0.1732962926464671,0.16017984597117083,trend,REJECT
trend_ma_20,fwd_ret_1,495,928250,-0.0007790359206437203,0.10880051798468357,-0.007160222534541512,0.4767676767676768,-0.18249944290355066,0.1682490574145081,trend,REJECT
trend_ma_60,fwd_ret_1,475,889720,-0.0011621039397225678,0.10791857560569526,-0.01076834023429456,0.48,-0.18146080273316093,0.16728061749296488,trend,REJECT
trend_ema_26,fwd_ret_1,504,945607,-0.0016133019663223378,0.10764572267314508,-0.014987144182411778,0.4781746031746032,-0.18147022342038324,0.16688013284936057,trend,REJECT
trend_ma_10,fwd_ret_1,500,937892,-0.0018020847354140348,0.10844324442496071,-0.01661776853846364,0.48,-0.18443098706844904,0.16543422857377416,trend,REJECT
trend_ema_12,fwd_ret_1,504,945607,-0.0020645686983205317,0.10788959601881205,-0.01913593872351274,0.4781746031746032,-0.18406249803687824,0.1649184205682638,trend,REJECT
trend_ma_5,fwd_ret_1,502,941749,-0.0024504807951866627,0.10801233348211874,-0.022687046156560777,0.4800796812749004,-0.18399915531904437,0.16438415618275368,trend,REJECT
trend_bb_upper_20,fwd_ret_1,485,907948,-0.0033778886218593165,0.11263713281778917,-0.029989121148206597,0.488659793814433,-0.19136967419311512,0.17372624862583014,trend,REJECT
trend_macd_signal,fwd_ret_1,503,945607,-0.009285417439548062,0.08705469758621431,-0.10666187692343979,0.5467196819085487,-0.14146208098514662,0.12847167884835087,trend,WEAK
trend_ma_cross_5_20,fwd_ret_1,495,928244,-0.011476119598464812,0.06367331349660003,-0.180234370857386,0.597979797979798,-0.11574543042082108,0.09695244766746465,trend,WEAK
trend_vol_ratio,fwd_ret_1,499,941756,-0.012035542672291021,0.060062683596309924,-0.20038303238635927,0.5791583166332666,-0.10979042926186709,0.08732489255464916,trend,WEAK
trend_macd,fwd_ret_1,503,945607,-0.01546241252185906,0.09211714507218711,-0.16785596763492855,0.5646123260437376,-0.1605724279478967,0.14555542563766177,trend,STRONG
trend_rsi_14,fwd_ret_1,490,918008,-0.02140862478401253,0.0770069797114989,-0.2780088878205378,0.610204081632653,-0.13458125492012601,0.10862339465926202,trend,STRONG
trend_vol_ma_20,fwd_ret_1,502,941756,-0.023263307543128307,0.16809273106576,-0.13839567835938965,0.5398406374501992,-0.28459085246739463,0.24947317147559633,trend,WEAK
trend_macd_hist,fwd_ret_1,503,945607,-0.024197374770697295,0.095878576890009,-0.2523751974172113,0.6381709741550696,-0.1770088681272859,0.1324108617125661,trend,STRONG
trend_vol_ma_5,fwd_ret_1,502,941756,-0.025748458350829624,0.15916155927164768,-0.1617756100697886,0.5517928286852589,-0.2729080988976033,0.23521019288936135,trend,STRONG
trend_momentum_20,fwd_ret_1,484,907085,-0.026144966912512536,0.10007194861716022,-0.2612616949484406,0.6053719008264463,-0.17849672140314096,0.13279627679955103,trend,STRONG
trend_atr_20,fwd_ret_1,495,928263,-0.026732571944351143,0.15881964860830114,-0.1683203065779475,0.5454545454545454,-0.2944711879259293,0.22589738455066014,trend,WEAK
trend_atr_14,fwd_ret_1,495,928263,-0.02823923537363668,0.15843161570229455,-0.17824242496333825,0.5555555555555556,-0.2955245056922638,0.22907059862323448,trend,STRONG
trend_momentum_10,fwd_ret_1,494,926333,-0.03182976396571102,0.10260550103177571,-0.3102149850216483,0.6437246963562753,-0.19490537564511914,0.1289695985699129,trend,STRONG
trend_price_vs_ma20,fwd_ret_1,495,928250,-0.03670102792657451,0.10693546130661222,-0.3432072717332089,0.6646464646464646,-0.19572360277527556,0.1368625891556751,trend,STRONG
trend_momentum_5,fwd_ret_1,499,935967,-0.037680019706384404,0.10775411140959701,-0.34968521584438095,0.6733466933867736,-0.1876492527920243,0.14138035254876136,trend,STRONG
trend_bb_width_20,fwd_ret_1,485,907948,-0.03973447446065403,0.1683619849091895,-0.23600621293509857,0.5835051546391753,-0.2987031080285339,0.23093980921888735,trend,STRONG
trend_volatility_20,fwd_ret_1,494,926333,-0.05109712959989513,0.1769113518429592,-0.2888290042871476,0.5991902834008097,-0.3399858918749474,0.23643190769688374,trend,STRONG
trend_volatility_60,fwd_ret_1,484,907085,-0.051332522292337215,0.18642223109909323,-0.2753562275791629,0.5867768595041323,-0.3647865651303988,0.2505586599139792,trend,STRONG
trend_ma_cross_5_20,fwd_ret_20,476,891570,-0.007523678094503607,0.06625541468624883,-0.11355567133843825,0.5441176470588235,-0.12164234888335052,0.09697094704703207,trend,WEAK
trend_macd_signal,fwd_ret_20,484,908906,-0.011052737185653038,0.0751803127662125,-0.1470163767477748,0.5619834710743802,-0.14865562933584708,0.10841621787575458,trend,WEAK
trend_vol_ratio,fwd_ret_20,480,905061,-0.01199361074486104,0.048013201622309966,-0.24979818757364539,0.6166666666666667,-0.08138970791327688,0.07276480681837494,trend,WEAK
trend_rsi_14,fwd_ret_20,471,881343,-0.012252491841822845,0.08312251748555603,-0.1474028002574865,0.5668789808917197,-0.14738025432147836,0.11781548911901474,trend,WEAK
trend_macd,fwd_ret_20,484,908906,-0.01722613681860008,0.08128326869810354,-0.2119272157051183,0.5805785123966942,-0.16177075691079568,0.10499547947873168,trend,STRONG
trend_bb_lower_20,fwd_ret_20,466,871300,-0.019048726236002553,0.09225326681676665,-0.20648294519300994,0.5836909871244635,-0.16390281953296168,0.14997262144141818,trend,STRONG
trend_ma_60,fwd_ret_20,456,853083,-0.019179816932809454,0.09271142848115442,-0.20687651184997286,0.5723684210526315,-0.16671488683340033,0.15009034289329073,trend,STRONG
trend_momentum_20,fwd_ret_20,465,870422,-0.021005651335159196,0.08997309297813912,-0.2334659245321595,0.5849462365591398,-0.1846867219370283,0.12010721347443973,trend,STRONG
trend_macd_hist,fwd_ret_20,484,908906,-0.021058130008156366,0.06973192027524644,-0.30198695124177755,0.6157024793388429,-0.1392453861633927,0.08408541881784613,trend,STRONG
trend_ema_26,fwd_ret_20,485,908906,-0.021422489753945402,0.0930245825775232,-0.2302884803174763,0.5835051546391753,-0.16897303393803667,0.14116247189071612,trend,STRONG
trend_ema_12,fwd_ret_20,485,908906,-0.02193767993163632,0.09305658082541815,-0.2357456048465097,0.5793814432989691,-0.17045190967384247,0.1392870684682797,trend,STRONG
trend_ma_10,fwd_ret_20,481,901205,-0.022215123902431765,0.09331020370013146,-0.2380781846090908,0.5862785862785863,-0.1704609695034439,0.14102605085547767,trend,STRONG
trend_ma_5,fwd_ret_20,483,905055,-0.022655554022477715,0.09324001808990943,-0.24298101273030032,0.5817805383022774,-0.1719749600260899,0.13902007775273645,trend,STRONG
trend_ma_20,fwd_ret_20,476,891572,-0.02276914442866691,0.0934622285515275,-0.24361867656637193,0.592436974789916,-0.16994928638213697,0.14511469239253122,trend,STRONG
trend_momentum_5,fwd_ret_20,480,899283,-0.023858684428807172,0.07939053175193748,-0.3005230460397428,0.6104166666666667,-0.15013229470928197,0.09459658111828145,trend,STRONG
trend_bb_upper_20,fwd_ret_20,466,871300,-0.024561586211259687,0.09428348722578281,-0.260507825219081,0.5858369098712446,-0.17185798973058258,0.1447296661597225,trend,STRONG
trend_momentum_10,fwd_ret_20,475,889657,-0.025478692467009314,0.08705466210728727,-0.2926746465985825,0.6126315789473684,-0.1710246902418103,0.10820339500791744,trend,STRONG
trend_price_vs_ma20,fwd_ret_20,476,891572,-0.028516784388604506,0.09125321910755733,-0.3125016812282826,0.634453781512605,-0.1803934078717236,0.11746500519557687,trend,STRONG
trend_vol_ma_20,fwd_ret_20,483,905061,-0.04316791408704282,0.1112824755786998,-0.38791295630832856,0.6480331262939959,-0.21459208712255012,0.14282466286132034,trend,STRONG
trend_vol_ma_5,fwd_ret_20,483,905061,-0.044366101829817914,0.1101135076305902,-0.4029124381239195,0.6480331262939959,-0.2103830960148333,0.1338382241548853,trend,STRONG
trend_bb_width_20,fwd_ret_20,466,871300,-0.05276965855509141,0.119817096999307,-0.44041843673942976,0.6716738197424893,-0.23775139011180763,0.13831970063150337,trend,STRONG
trend_atr_20,fwd_ret_20,476,891587,-0.054393992359635164,0.11716792672064137,-0.4642396079033173,0.6680672268907563,-0.24711854163217167,0.12352794368334173,trend,STRONG
trend_atr_14,fwd_ret_20,476,891587,-0.05496060882009613,0.11666278695650162,-0.4711065992327828,0.680672268907563,-0.24767259442837797,0.12259024623379448,trend,STRONG
trend_volatility_20,fwd_ret_20,475,889657,-0.07290751317365048,0.12850934428188562,-0.5673323880147395,0.7052631578947368,-0.27424436807045993,0.13961506138554522,trend,STRONG
trend_volatility_60,fwd_ret_20,465,870422,-0.08095113168632455,0.13496070286303036,-0.5998126118865924,0.7118279569892473,-0.28730297659430093,0.14063929864421987,trend,STRONG
trend_bb_lower_20,fwd_ret_5,481,900225,-0.0036679164402764405,0.10316605690973854,-0.03555351973455333,0.5239085239085239,-0.165955173459835,0.15959416142832755,trend,REJECT
trend_ma_20,fwd_ret_5,491,920504,-0.004887187956030575,0.1062493468097265,-0.045997345892230763,0.5234215885947047,-0.17211880190562573,0.1671939285586887,trend,REJECT
trend_ma_10,fwd_ret_5,496,930140,-0.00529786096610256,0.10658611785078534,-0.049704981032513744,0.5282258064516129,-0.17374350992802132,0.16623022054702669,trend,REJECT
trend_ma_60,fwd_ret_5,471,881987,-0.0053480734777382145,0.10550340184940096,-0.050691005067042584,0.5222929936305732,-0.17109607359212864,0.16193583371024506,trend,WEAK
trend_ema_26,fwd_ret_5,500,937852,-0.005614157988244005,0.10593355468820356,-0.0529969753660044,0.534,-0.1725854373192938,0.16581923940846827,trend,WEAK
trend_ema_12,fwd_ret_5,500,937852,-0.00616083574278169,0.1062603540965095,-0.05797868636110695,0.536,-0.17496579704809714,0.16548365872772827,trend,WEAK
trend_ma_5,fwd_ret_5,498,933994,-0.006525794418918792,0.10655307992638606,-0.06124454049969502,0.536144578313253,-0.17582656137145722,0.16465530834015296,trend,WEAK
trend_bb_upper_20,fwd_ret_5,481,900225,-0.008041376041096485,0.10860793289243986,-0.07404041147767983,0.5218295218295218,-0.1801278552284913,0.1677187904867459,trend,WEAK
trend_ma_cross_5_20,fwd_ret_5,491,920497,-0.010547421251550528,0.06318490386844326,-0.16692945000773005,0.5987780040733197,-0.11501991313135117,0.09536354874105236,trend,WEAK
trend_macd_signal,fwd_ret_5,499,937852,-0.013392571189818202,0.08588031933770768,-0.15594459001898348,0.5591182364729459,-0.15857164082031336,0.1239729749457922,trend,WEAK
trend_vol_ratio,fwd_ret_5,495,934001,-0.01573120553454234,0.05564461355167236,-0.2827085054680831,0.6,-0.10403614624627677,0.07778770560295915,trend,STRONG
trend_macd,fwd_ret_5,499,937852,-0.02043785314343153,0.08737400450545599,-0.23391228614404766,0.5891783567134269,-0.1732880573717394,0.12810901582939507,trend,STRONG
trend_rsi_14,fwd_ret_5,486,910276,-0.021319872723914307,0.07558131426275695,-0.282078618662229,0.6234567901234568,-0.14227767968151445,0.1116746531254412,trend,STRONG
trend_vol_ma_20,fwd_ret_5,498,934001,-0.025773332471409796,0.15488386109224447,-0.16640424825192035,0.536144578313253,-0.2785326327473103,0.2092780736945124,trend,WEAK
trend_macd_hist,fwd_ret_5,499,937852,-0.027134319833598784,0.08810669651551577,-0.30797114075001525,0.6432865731462926,-0.15702107062334467,0.11764902844923741,trend,STRONG
trend_vol_ma_5,fwd_ret_5,498,934001,-0.028735748751675453,0.1490541588983475,-0.19278729935521466,0.5421686746987951,-0.2726127378028605,0.19831190105846003,trend,WEAK
trend_momentum_10,fwd_ret_5,490,918585,-0.029818612459465276,0.08896722913999627,-0.335164000809147,0.6285714285714286,-0.16853438043882743,0.11432242786022137,trend,STRONG
trend_momentum_20,fwd_ret_5,480,899347,-0.029953024888908792,0.0934593023249556,-0.3204927079892261,0.60625,-0.19420097951388876,0.11293677377757631,trend,STRONG
trend_atr_20,fwd_ret_5,491,920516,-0.03321730301953477,0.14447341297302935,-0.22991983324804446,0.5682281059063137,-0.2775568380664287,0.2010628145978994,trend,STRONG
trend_atr_14,fwd_ret_5,491,920516,-0.03501667586382526,0.14453044271226598,-0.24227889437477984,0.5723014256619144,-0.28089635299001403,0.20093939471522296,trend,STRONG
trend_price_vs_ma20,fwd_ret_5,491,920504,-0.04013018745467665,0.09334352734864897,-0.4299193376824696,0.6456211812627292,-0.19176717017426353,0.10887297128335308,trend,STRONG
trend_bb_width_20,fwd_ret_5,481,900225,-0.04259599916199657,0.15117773059258455,-0.281761070198827,0.5862785862785863,-0.2783395245412889,0.20853214307583706,trend,STRONG
trend_momentum_5,fwd_ret_5,495,928215,-0.04496037141017152,0.08801104439017858,-0.5108491976398906,0.7434343434343434,-0.17109126842302255,0.11528864993910438,trend,STRONG
trend_volatility_20,fwd_ret_5,490,918585,-0.057849195712736626,0.15928880065862783,-0.3631717702282997,0.6204081632653061,-0.31394350503664553,0.1878382593552787,trend,STRONG
trend_volatility_60,fwd_ret_5,480,899347,-0.06089817482647035,0.16511204865531215,-0.36882938175881613,0.6166666666666667,-0.3395275744636852,0.1945088688163175,trend,STRONG
txt_volume_plat_Mobile01_1d,fwd_ret_1,365,945607,0.0016107779206413998,0.02555647087759668,0.06302818289568457,0.5315068493150685,-0.0390412575523614,0.03989799049888984,txt,REJECT
txt_volume_plat_Ptt_1d,fwd_ret_1,482,945607,0.0014668244368201335,0.030900832066071433,0.047468768274064724,0.487551867219917,-0.046129485314978465,0.05602286503487557,txt,REJECT
txt_volume_plat_Mobile01_20d,fwd_ret_1,483,945607,0.0010929719362265285,0.03022525774993051,0.03616088058766154,0.5238095238095238,-0.04649607287525335,0.05041935574436686,txt,REJECT
txt_volume_plat_Yahoo新聞_1d,fwd_ret_1,482,945607,0.0006631933781590082,0.033179471386379666,0.019988063415357856,0.5124481327800829,-0.053592651859917205,0.05286108114638664,txt,REJECT
txt_volume_plat_Mobile01_5d,fwd_ret_1,482,945607,0.00047702231803345224,0.026963649248391633,0.017691311500126653,0.4854771784232365,-0.0418542166653745,0.04518984917720316,txt,REJECT
txt_volume_plat_Ptt_5d,fwd_ret_1,482,945607,0.00041060335360779794,0.03673118072321565,0.011178604812675661,0.4979253112033195,-0.057763587173596455,0.061926969320859636,txt,REJECT
txt_volume_plat_Ptt_20d,fwd_ret_1,482,945607,-0.0009363512556028119,0.040279552700475056,-0.023246317121882253,0.475103734439834,-0.06904233063669316,0.061577261401552584,txt,REJECT
txt_volume_plat_Yahoo新聞_5d,fwd_ret_1,483,945607,-0.0009696354482260451,0.0369900991624699,-0.026213377908698224,0.505175983436853,-0.060220332404972994,0.05601499248145762,txt,REJECT
txt_volume_plat_Yahoo新聞_20d,fwd_ret_1,483,945607,-0.00230839533794818,0.04100666051122222,-0.05629318040459416,0.5113871635610766,-0.06644203389408664,0.06258153064960977,txt,REJECT
txt_volume_plat_Yahoo股市_20d,fwd_ret_1,483,945607,-0.0023759947482777407,0.03568447685528113,-0.06658342667915854,0.5196687370600414,-0.060685110685753364,0.05750209990164985,txt,REJECT
txt_volume_n_articles_20d,fwd_ret_1,483,945607,-0.002439885003573228,0.03637960275653574,-0.0670673899300589,0.5196687370600414,-0.062491278889481396,0.056801113283068534,txt,REJECT
txt_volume_plat_Yahoo股市_1d,fwd_ret_1,482,945607,-0.002457271644122319,0.033758133562057285,-0.07279050660798939,0.5228215767634855,-0.05999473579031965,0.05050552391394463,txt,REJECT
txt_volume_plat_Dcard_5d,fwd_ret_1,483,945607,-0.002618874175214669,0.03854570456923712,-0.06794204969092099,0.515527950310559,-0.06953517128933287,0.05817078805891264,txt,REJECT
txt_volume_n_articles_5d,fwd_ret_1,483,945607,-0.0028001460915731526,0.035885271781004376,-0.07803051091995326,0.5362318840579711,-0.060620186052575284,0.05688646331844501,txt,REJECT
txt_volume_plat_Yahoo股市_5d,fwd_ret_1,483,945607,-0.0028091004264436197,0.0353684486765124,-0.07942390835787765,0.5320910973084886,-0.06048880102783595,0.05801970356402323,txt,REJECT
txt_volume_plat_Dcard_1d,fwd_ret_1,483,945607,-0.00289223879038708,0.03171514504551005,-0.0911942476137765,0.5300207039337475,-0.056621406589440176,0.048379000534352144,txt,REJECT
txt_volume_n_articles_1d,fwd_ret_1,483,945607,-0.002936814343649491,0.03563483683700544,-0.08241413752173321,0.5279503105590062,-0.06258975575056587,0.0579070976360138,txt,REJECT
txt_volume_avg_len_20d,fwd_ret_1,483,945607,-0.0034852352781199808,0.03529034749735429,-0.09875888239358561,0.5279503105590062,-0.062797164442721,0.05634441645033775,txt,REJECT
txt_volume_avg_len_1d,fwd_ret_1,483,945607,-0.003762839415764942,0.03449049274897458,-0.10909787352564898,0.5320910973084886,-0.06057093622347173,0.05438976710128165,txt,REJECT
txt_volume_avg_len_5d,fwd_ret_1,483,945607,-0.0038996464151239444,0.03465517161102523,-0.11252711309279181,0.5341614906832298,-0.061386157907150886,0.05374440207128003,txt,REJECT
txt_volume_plat_Dcard_20d,fwd_ret_1,483,945607,-0.003944091660352585,0.042592565463166976,-0.09260047187726554,0.5217391304347826,-0.0724871972436136,0.06727794402560455,txt,REJECT
txt_volume_plat_Mobile01_5d,fwd_ret_20,482,908906,0.0016873068806828907,0.02507938925795832,0.06727862721567136,0.5352697095435685,-0.040290373368003354,0.04315134743637019,txt,REJECT
txt_volume_plat_Mobile01_1d,fwd_ret_20,365,908906,0.0007421354220862158,0.02403681581784073,0.030874947318745283,0.547945205479452,-0.03838962738633946,0.03640840741944722,txt,REJECT
txt_volume_plat_Mobile01_20d,fwd_ret_20,483,908906,0.00044738334125571285,0.028953034020371363,0.015452036596266,0.5238095238095238,-0.04601481137143386,0.04725131806217727,txt,REJECT
txt_volume_plat_Yahoo新聞_1d,fwd_ret_20,482,908906,0.00029564761462827,0.029397933619976436,0.01005674815278078,0.520746887966805,-0.055144296385713734,0.04501507784172282,txt,REJECT
txt_volume_plat_Yahoo新聞_5d,fwd_ret_20,483,908906,-0.0022148640386644132,0.031048927502055238,-0.07133463912780251,0.5072463768115942,-0.057840460273060154,0.043647298744950616,txt,REJECT
txt_volume_plat_Ptt_1d,fwd_ret_20,482,908906,-0.0031501162540386253,0.029992657431408637,-0.10502958136479729,0.5518672199170125,-0.05194915756205503,0.04890122144132359,txt,REJECT
txt_volume_plat_Ptt_5d,fwd_ret_20,482,908906,-0.0046657911280682755,0.034178894384693057,-0.1365108852133567,0.5871369294605809,-0.06289834653093646,0.052313345312349366,txt,REJECT
txt_volume_plat_Dcard_1d,fwd_ret_20,483,908906,-0.005668268613610224,0.028710089761921524,-0.19743123970054963,0.5755693581780539,-0.05061831966231436,0.04107914816116705,txt,WEAK
txt_volume_plat_Yahoo新聞_20d,fwd_ret_20,483,908906,-0.007413201535412452,0.03774153320073466,-0.19642025394103887,0.5859213250517599,-0.07203208047719876,0.058267068662650225,txt,WEAK
txt_volume_plat_Ptt_20d,fwd_ret_20,482,908906,-0.007716944285592249,0.03856058920106033,-0.20012516523943705,0.5933609958506224,-0.07081316814025965,0.056040582988566234,txt,WEAK
txt_volume_plat_Dcard_5d,fwd_ret_20,483,908906,-0.008250052563705043,0.03280807855378728,-0.2514640578593921,0.6066252587991718,-0.06405543770819545,0.04209561451800484,txt,WEAK
txt_volume_plat_Yahoo股市_1d,fwd_ret_20,482,908906,-0.008735134516390011,0.03479158714197235,-0.2510703084842025,0.5892116182572614,-0.06704222127769434,0.04954259218077645,txt,WEAK
txt_volume_plat_Dcard_20d,fwd_ret_20,483,908906,-0.009377086061838007,0.037152203959294305,-0.2523964950265664,0.577639751552795,-0.0768998480326911,0.04962967574906559,txt,WEAK
txt_volume_plat_Yahoo股市_20d,fwd_ret_20,483,908906,-0.009884642118337776,0.035333078434190236,-0.2797560404126251,0.6024844720496895,-0.06777161539566356,0.04801206427892905,txt,WEAK
txt_volume_plat_Yahoo股市_5d,fwd_ret_20,483,908906,-0.010167846023221001,0.03522580230056849,-0.28864767753087933,0.5942028985507246,-0.06898844245421995,0.04658028092683937,txt,WEAK
txt_volume_n_articles_20d,fwd_ret_20,483,908906,-0.010268730751610862,0.03561891552003752,-0.2882943122126826,0.6045548654244306,-0.06957823304068225,0.04865129121062948,txt,WEAK
txt_volume_n_articles_5d,fwd_ret_20,483,908906,-0.010452195574804835,0.03545003059079367,-0.2948430622093527,0.6066252587991718,-0.06860948664605475,0.047616117188950015,txt,WEAK
txt_volume_n_articles_1d,fwd_ret_20,483,908906,-0.010499611688612819,0.03562628844799678,-0.294715283180255,0.6107660455486542,-0.06999929447079498,0.04543458563500011,txt,WEAK
txt_volume_avg_len_20d,fwd_ret_20,483,908906,-0.01078284530447209,0.034925395390269384,-0.30873939103567927,0.6066252587991718,-0.06896137248720809,0.046732006702310216,txt,WEAK
txt_volume_avg_len_1d,fwd_ret_20,483,908906,-0.011044250719677066,0.03489357770645833,-0.3165124199239943,0.6128364389233955,-0.06802422527546066,0.04536653622296568,txt,WEAK
txt_volume_avg_len_5d,fwd_ret_20,483,908906,-0.011258746249598663,0.03472606743614925,-0.32421598760931103,0.6004140786749482,-0.06977601090120288,0.04242998203632267,txt,WEAK
txt_volume_plat_Mobile01_20d,fwd_ret_5,483,937852,0.0009416540252669029,0.03007994273864606,0.031305047135514866,0.5093167701863354,-0.04865536410330918,0.0511062479034381,txt,REJECT
txt_volume_plat_Mobile01_5d,fwd_ret_5,482,937852,0.00017889122440035372,0.02573323535387545,0.006951757986910593,0.5145228215767634,-0.044209274445903744,0.04129565307738143,txt,REJECT
txt_volume_plat_Yahoo新聞_5d,fwd_ret_5,483,937852,-0.00037360917119142904,0.03801862061912797,-0.00982700490199948,0.5134575569358178,-0.06435951297578081,0.05497994651379852,txt,REJECT
txt_volume_plat_Ptt_1d,fwd_ret_5,482,937852,-0.00045278398531469697,0.0324252973488273,-0.013963911585565536,0.5062240663900415,-0.0533637947138461,0.05496416516401537,txt,REJECT
txt_volume_plat_Mobile01_1d,fwd_ret_5,365,937852,-0.0011602921340354508,0.023940586874091337,-0.048465484164514225,0.5068493150684932,-0.039001606427151995,0.03710024825310954,txt,REJECT
txt_volume_plat_Yahoo新聞_1d,fwd_ret_5,482,937852,-0.0012820301561854307,0.03257009857800575,-0.03936218225176549,0.524896265560166,-0.05730860681727773,0.05076386550581608,txt,REJECT
txt_volume_plat_Ptt_20d,fwd_ret_5,482,937852,-0.0037243950079696485,0.044361007192165305,-0.08395650242646929,0.549792531120332,-0.07613904013506112,0.070773510404492,txt,REJECT
txt_volume_plat_Yahoo新聞_20d,fwd_ret_5,483,937852,-0.003752858528050516,0.043768921769076596,-0.08574254005731453,0.5424430641821946,-0.07842198661869933,0.06786284482302991,txt,REJECT
txt_volume_plat_Ptt_5d,fwd_ret_5,482,937852,-0.004088573985571206,0.04010129305193922,-0.10195616336549752,0.5435684647302904,-0.0673528311051073,0.06239573199988181,txt,REJECT
txt_volume_plat_Dcard_1d,fwd_ret_5,483,937852,-0.004624241546470429,0.0333547349422866,-0.1386382339560399,0.5817805383022774,-0.06036173964100106,0.05232046151174324,txt,REJECT
txt_volume_plat_Yahoo股市_1d,fwd_ret_5,482,937852,-0.005163600579758772,0.036553450585340645,-0.14126164553749618,0.5518672199170125,-0.06472558154842901,0.056528750758411524,txt,WEAK
txt_volume_plat_Dcard_5d,fwd_ret_5,483,937852,-0.005453207083255735,0.039216950580703486,-0.13905229760365304,0.5590062111801242,-0.07061698605320206,0.05432811465443832,txt,WEAK
txt_volume_plat_Dcard_20d,fwd_ret_5,483,937852,-0.00601326105105825,0.0447956555625235,-0.1342375945958698,0.5548654244306418,-0.07851447534543533,0.07029502782887376,txt,WEAK
txt_volume_plat_Yahoo股市_20d,fwd_ret_5,483,937852,-0.00616220041550728,0.03916076547131683,-0.15735648528169763,0.5527950310559007,-0.06854477140030726,0.06083277668020091,txt,WEAK
txt_volume_n_articles_20d,fwd_ret_5,483,937852,-0.006261891750491288,0.03976173762230609,-0.1574853646984081,0.546583850931677,-0.06965862766154199,0.06051731181774827,txt,WEAK
txt_volume_n_articles_5d,fwd_ret_5,483,937852,-0.006673163919931998,0.039241319666382043,-0.17005452356509007,0.5486542443064182,-0.06851181214253821,0.0594060599150171,txt,WEAK
txt_volume_plat_Yahoo股市_5d,fwd_ret_5,483,937852,-0.006727865724367658,0.03862227046092416,-0.17419653593836576,0.5590062111801242,-0.06862730599799195,0.05868106881982682,txt,WEAK
txt_volume_n_articles_1d,fwd_ret_5,483,937852,-0.006872752756805385,0.03883423863454518,-0.17697663192221555,0.5590062111801242,-0.06836468970697637,0.05838371622231604,txt,WEAK
txt_volume_avg_len_20d,fwd_ret_5,483,937852,-0.007111849912458539,0.0382145291182208,-0.18610329831507955,0.567287784679089,-0.06897319069270244,0.05868167502421781,txt,WEAK
txt_volume_avg_len_1d,fwd_ret_5,483,937852,-0.007285971123771795,0.03771949801053972,-0.19316193237078402,0.5610766045548654,-0.06710675759592305,0.056615602133685335,txt,WEAK
txt_volume_avg_len_5d,fwd_ret_5,483,937852,-0.0074767480761280015,0.037426004105122146,-0.19977414781250263,0.567287784679089,-0.06708518850884919,0.05634029121106288,txt,WEAK
val_pb,fwd_ret_1,29,630747,0.001736929176110399,0.02269540881497262,0.07653218279833371,0.4827586206896552,-0.03580579610431827,0.03093350700376723,val,REJECT
val_ev_ebitda,fwd_ret_1,455,619038,-0.005357627288428284,0.042088521693237756,-0.12729426154421286,0.5362637362637362,-0.07145908376897729,0.06578181873679902,val,WEAK
val_ps,fwd_ret_1,455,618823,-0.016953104382945783,0.06526528514253847,-0.25975684233847196,0.6043956043956044,-0.12448718022984137,0.08963125517708141,val,STRONG
val_pe,fwd_ret_1,455,660082,-0.03991988061645867,0.07595900147192708,-0.5255450946286103,0.6945054945054945,-0.17263964296995205,0.07388814416179583,val,STRONG
val_pe_rank,fwd_ret_1,455,660082,-0.03996907578094865,0.07742285087616427,-0.5162439167330339,0.6967032967032967,-0.17322182958447405,0.08049053050548906,val,STRONG
val_pb,fwd_ret_20,29,605965,0.0005754920909821562,0.01594520089533605,0.03609186831571917,0.4827586206896552,-0.021066772042743417,0.021539198502300513,val,REJECT
val_ev_ebitda,fwd_ret_20,436,594655,-0.010699997433050518,0.04304668716580264,-0.2485672681811125,0.5619266055045872,-0.08690400015260684,0.04776810599595621,val,WEAK
val_ps,fwd_ret_20,436,594440,-0.03719120313491169,0.07147981579703577,-0.5203035671008821,0.7064220183486238,-0.1640603084595091,0.07723246454487022,val,STRONG
val_pe_rank,fwd_ret_20,436,632290,-0.08827737478610923,0.08585116205255523,-1.0282606860006012,0.8577981651376146,-0.239616043253887,0.060134055240779846,val,STRONG
val_pe,fwd_ret_20,436,632290,-0.08931660378792958,0.08404894115177292,-1.06267375369601,0.8555045871559633,-0.23954127629149352,0.05336798185296907,val,STRONG
val_pb,fwd_ret_5,29,625520,0.0022381498044301475,0.021610882978323854,0.10356586571104273,0.6206896551724138,-0.033484190864257656,0.029179530837473454,val,REJECT
val_ev_ebitda,fwd_ret_5,451,613895,-0.006949598908011262,0.044641618318582134,-0.15567533547766754,0.541019955654102,-0.08039475252082048,0.06969354171716491,val,WEAK
val_ps,fwd_ret_5,451,613680,-0.023025530048582734,0.06695060222014153,-0.3439181916970972,0.6164079822616408,-0.13874093306279306,0.07994085777718313,val,STRONG
val_pe_rank,fwd_ret_5,451,654219,-0.057873941650447076,0.08477973176878206,-0.6826388860050352,0.7583148558758315,-0.20703238259544393,0.07616010817254099,val,STRONG
val_pe,fwd_ret_5,451,654219,-0.05808130302349419,0.08345518812102483,-0.6959579665588435,0.7627494456762749,-0.20444360670059714,0.07679681270194792,val,STRONG
